{"cameraMode":{"drawMode":0,"name":"Shaded","section":"Shading Mode"},"sceneLighting":true,"audioPlay":false,"sceneViewState":{"m_AlwaysRefresh":false,"showFog":true,"showSkybox":true,"showFlares":true,"showImageEffects":true,"showParticleSystems":true,"showVisualEffectGraphs":true,"m_FxEnabled":true},"in2DMode":false,"pivot":{"x":2.6132540702819826,"y":1.0584139823913575,"z":-0.5110211372375488},"rotation":{"x":0.2670280337333679,"y":0.6343646049499512,"z":-0.24819353222846986,"w":0.681745171546936},"size":2.6610779762268068,"orthographic":false}