{"cameraMode":{"drawMode":0,"name":"Shaded","section":"Shading Mode"},"sceneLighting":true,"audioPlay":false,"sceneViewState":{"m_AlwaysRefresh":false,"showFog":true,"showSkybox":true,"showFlares":true,"showImageEffects":true,"showParticleSystems":true,"showVisualEffectGraphs":true,"m_FxEnabled":true},"in2DMode":false,"pivot":{"x":-643.5510864257813,"y":247.2667236328125,"z":63.16242218017578},"rotation":{"x":0.006051655858755112,"y":0.3455360531806946,"z":0.0019709356129169466,"w":-0.9384090900421143},"size":27.07557487487793,"orthographic":false}