{"cameraMode":{"drawMode":0,"name":"Shaded","section":"Shading Mode"},"sceneLighting":true,"audioPlay":false,"sceneViewState":{"m_AlwaysRefresh":false,"showFog":true,"showSkybox":true,"showFlares":true,"showImageEffects":true,"showParticleSystems":true,"showVisualEffectGraphs":true,"m_FxEnabled":true},"in2DMode":false,"pivot":{"x":0.8818158507347107,"y":-2.877761125564575,"z":6.719869613647461},"rotation":{"x":0.21151337027549745,"y":-0.14679718017578126,"z":0.03242095187306404,"w":0.965794563293457},"size":5.4959635734558109,"orthographic":false}