{"cameraMode":{"drawMode":0,"name":"Shaded","section":"Shading Mode"},"sceneLighting":true,"audioPlay":false,"sceneViewState":{"m_AlwaysRefresh":false,"showFog":true,"showSkybox":true,"showFlares":true,"showImageEffects":true,"showParticleSystems":true,"showVisualEffectGraphs":true,"m_FxEnabled":true},"in2DMode":false,"pivot":{"x":76.1080551147461,"y":117.49592590332031,"z":-3.9420039653778078},"rotation":{"x":-0.04343303292989731,"y":-0.049432963132858279,"z":-0.0021516974084079267,"w":0.9978304505348206},"size":124.481689453125,"orthographic":true}