{"cameraMode":{"drawMode":0,"name":"Shaded","section":"Shading Mode"},"sceneLighting":true,"audioPlay":false,"sceneViewState":{"m_AlwaysRefresh":false,"showFog":true,"showSkybox":true,"showFlares":true,"showImageEffects":true,"showParticleSystems":true,"showVisualEffectGraphs":true,"m_FxEnabled":true},"in2DMode":false,"pivot":{"x":-445.089111328125,"y":172.52597045898438,"z":-509.4755859375},"rotation":{"x":0.0000187894438568037,"y":0.9978578686714172,"z":0.0033688172698020937,"w":0.06532936543226242},"size":269.4429931640625,"orthographic":false}